{
  "manifest": {
    "$BASE_DIR": "${configdir}",
    "$NETWORK_DIR": "$BASE_DIR/network",
    "$COMPONENTS_DIR": "/home/tbg28/git_stage/AmygdalaTheta/components"
  },
  "components": {
    "__pycache___dir": "$COMPONENTS_DIR/__pycache__",
    "biophysical_neuron_models_dir": "$COMPONENTS_DIR/biophysical_neuron_models",
    "mechanisms_dir": "$COMPONENTS_DIR/mechanisms",
    "morphologies_dir": "$COMPONENTS_DIR/morphologies",
    "point_neuron_models_dir": "$COMPONENTS_DIR/point_neuron_models",
    "synaptic_models_dir": "$COMPONENTS_DIR/synaptic_models",
    "templates_dir": "$COMPONENTS_DIR/templates"
  },
  "networks": {
    "nodes": [
      {
        "node_types_file": "$NETWORK_DIR/BLA_node_types.csv",
        "nodes_file": "$NETWORK_DIR/BLA_nodes.h5"
      },
      {
        "node_types_file": "$NETWORK_DIR/exc_bg_bask_node_types.csv",
        "nodes_file": "$NETWORK_DIR/exc_bg_bask_nodes.h5"
      },
      {
        "node_types_file": "$NETWORK_DIR/mthalamus_node_types.csv",
        "nodes_file": "$NETWORK_DIR/mthalamus_nodes.h5"
      }
    ],
    "edges": [
      {
        "edge_types_file": "$NETWORK_DIR/exc_bg_bask_BLA_edge_types.csv",
        "edges_file": "$NETWORK_DIR/exc_bg_bask_BLA_edges.h5"
      },
      {
        "edge_types_file": "$NETWORK_DIR/mthalamus_BLA_edge_types.csv",
        "edges_file": "$NETWORK_DIR/mthalamus_BLA_edges.h5"
      }
    ],
    "gap_juncs": []
  }
}