{
    "manifest": {
      "$BASE_DIR": "${configdir}",
      "$OUTPUT_DIR": "$BASE_DIR/output"
    },
    "target_simulator": "NEURON",
    "run": {
      "tstart": 0.0,
      "tstop": 4000.0,
      "dt": 0.05,
      "dL": 20.0,
      "spike_threshold": -15.0,
      "nsteps_block": 5000
    },
    "conditions": {
      "celsius": 31.0,
      "v_init": -70.0
    },
    "inputs": {
        "thalamus_long": {
        "input_type": "spikes",
        "module": "sonata",
        "input_file": "$BASE_DIR/input/thalamus_long.h5",
        "node_set": "thalamus"
        },
        "thalamus_short": {
            "input_type": "spikes",
            "module": "sonata",
            "input_file": "$BASE_DIR/input/thalamus_short.h5",
            "node_set": "thalamus"
            }

    },
    "output": {
      "log_file": "log.txt",
      "output_dir": "$OUTPUT_DIR",
      "spikes_file": "spikes.h5"
    },
    "reports": {
      "ecp": {
        "cells": "all",
        "variable_name": "v",
        "module": "extracellular",
        "electrode_positions": "./components/recXelectrodes/linear_electrode.csv",
        "file_name": "ecp.h5",
        "electrode_channels": "all"
        }
    },
    "node_sets_file": "$BASE_DIR/node_sets.json"
  }