{
    "level_of_detail": "pyr2int",
    "AlphaTmax_ampa": "10.1571",
    "Beta_ampa": "0.4167",
    "Cdur_ampa": "0.713",
    "gbar_ampa": "0.0017",
    "Erev_ampa": "0",
    "AlphaTmax_nmda": "0.2659",
    "Beta_nmda": "0.0006",
    "Cdur_nmda": "16.7650",
    "gbar_nmda": "0.0005",
    "Erev_nmda": "0",
    "initW": "1",
    "Wmax": "15",
    "Wmin": "0.25",
    "delay": "0.8",
    "con_pattern": "1",
    "lambda1": "8",
    "lambda2": "0.01",
    "threshold1": "0.35",
    "threshold2": "0.4",
    "tauD1": "300",
    "d1": "0.6",
    "tauD2": "20",
    "d2": "0.5",
    "tauF": "1",
    "f": "1",
    "bACH": "0",
    "aDA": "1",
    "bDA": "0",
    "wACH": "0",
    "ratio": "0.05",
    "gaussa": "0"
}
