{
    "level_of_detail": "pyr2pyr",
    "AlphaTmax_ampa": "3.8142",
    "Beta_ampa": "0.5167",
    "Cdur_ampa": "1.4210",
    "gbar_ampa": "0.0017",
    "Erev_ampa": "0",
    "AlphaTmax_nmda": "0.2659",
    "Beta_nmda": "0.0006",
    "Cdur_nmda": "16.765",
    "gbar_nmda": "0",
    "Erev_nmda": "0",
    "initW": "0.02",
    "stdevW": "0.05",
    "Wmax": "15", 
    "Wmin": "0.25",
    "delay": "0.1",
    "con_pattern": "1",
    "lambda1": "1",
    "lambda2": "1",
    "threshold1": "0.35",
    "threshold2": "0.4",
    "tauD1": "300",
    "d1": "0.8",
    "tauD2": "20",
    "d2": "0.8",
    "tauF": "1",
    "f": "1",
    "bACH": "0",
    "aDA": "1",
    "bDA": "0",
    "wACH": "0",
    "ratio": "0.05",
    "gaussa": "0"
}
