{
    "level_of_detail": "pyr2int",
    "AlphaTmax_ampa": "10.1571",
    "Beta_ampa": "0.1429",
    "Cdur_ampa": "0.713",
    "gbar_ampa": "0.0017",
    "Erev_ampa": "0",
    "AlphaTmax_nmda": "0.2659",
    "Beta_nmda": "0.008",
    "Cdur_nmda": "16.7650",
    "gbar_nmda": "0.001",
    "Erev_nmda": "0",
    "initW": "0.21",
    "stdevW": "0.002",
    "Wmax": "35",
    "Wmin": "0.25",
    "delay": "0.8",
    "con_pattern": "1",
    "lambda1": "40",
    "lambda2": "0.03",
    "threshold1": "0.4",
    "threshold2": "0.55",
    "tauD1": "1",
    "d1": "1",
    "tauD2": "1",
    "d2": "1",
    "tauF": "150",
    "f": "1.5",
    "bACH": "0",
    "aDA": "1",
    "bDA": "0",
    "wACH": "0",
    "ratio": "0.05",
    "gaussa": "0"
}
